id,first_name,last_name,gender,country
14,Kevin,Shedden,Male,United States
26,Raul,Venney,Male,Canada
31,Erich,McShirie,Male,Mexico
44,Phillipe,Rookwell,Male,United States
59,Bonnibelle,Rotlauf,Female,Canada
68,Phillip,Aubri,Male,Canada
77,Em,Burns,Male,United Kingdom
82,Sibley,Evequot,Female,Canada
95,Tabbi,Dymond,Female,Venezuela

103,Augustina,Foggarty,Female,Mexico
115,Rayna,Avramchik,Female,Mexico
123,Gus,Heinlein,Male,Costa Rica
137,Alix,Ingerith,Male,Australia
148,Kiah,Amsberger,Female,Pakistan
152,Cristal,Espino,Female,United Kingdom
163,Roi,Gummery,Male,United States
173,Maxim,Mateus,Male,United States
180,Monty,Hadland,Male,Pakistan
195,Gweneth,De Blase,Female,Canada
205,Lucias,Mustoo,Male,Pakistan
214,Saundra,Snowding,Female,Mexico
224,Galvin,McLugaish,Male,Venezuela
237,Giacopo,Dron,Male,Mexico
241,Joly,Middis,Female,Venezuela
251,Holden,Podmore,Male,United States
260,Christal,Castro,Female,Venezuela
275,Rube,Barsam,Male,Canada
289,Hedwig,Tuberfield,Female,New Zealand
299,Philly,Brevitt,Female,United Kingdom
301,Susann,Durek,Female,Canada
312,Salim,Haselgrove,Male,Canada
326,Dasya,Lansdale,Female,Costa Rica
331,Stillmann,Roast,Male,Ecuador
347,Duky,Whyatt,Male,Mexico
352,Ennis,Haizelden,Male,Costa Rica
360,Ezra,Hantusch,Male,United Kingdom
371,Guenna,Wyard,Female,Pakistan
384,Lock,Kestian,Male,Mexico
392,Nesta,Ingyon,Female,United States
404,Tony,Reubbens,Male,Canada
418,Thedrick,Lansley,Male,Venezuela
426,Tripp,Sautter,Male,United States
434,Albina,Yurocjkin,Female,Canada
448,Tulley,Cutress,Male,Mexico
459,Booth,Filchakov,Male,Mexico
465,Jodee,Ghidetti,Female,New Zealand
472,Martyn,Egentan,Male,Ecuador
481,Nikki,Hessay,Female,Mexico
491,Lorry,Sleeford,Male,United Kingdom
503,Muire,Zarb,Female,Venezuela
516,Appolonia,Luipold,Female,Venezuela
528,Shir,Birbeck,Female,Pakistan
533,Elora,Uc,Female,New Zealand
548,Dolly,Pumfrett,Female,United Kingdom
553,Clarice,Coad,Female,Mexico
560,Orland,Sheeran,Male,Canada
575,Stavro,Farrell,Male,Austria
584,Moina,Fearnall,Female,United States
591,Edithe,Kees,Female,Costa Rica
601,Pam,Mithon,Female,Mexico
615,Alidia,Thrussell,Female,United States
623,Kori,Bartlosz,Female,Canada
633,Druci,Flegg,Female,Ecuador
645,Alden,Roose,Male,Mexico
657,Norman,Hugle,Male,Canada
668,Alfie,Formoy,Female,Canada
676,Layton,Gullick,Male,Pakistan
680,Barclay,Got,Male,United States
691,Dorthea,Kitchenham,Female,Canada
706,Glennie,Riseam,Female,United States
718,Persis,Scotchmore,Female,United States
721,Alaster,Wanka,Male,United States
734,Maryann,Valentelli,Female,United States
748,Urson,Laval,Male,United States
750,Nat,Reyna,Female,United States
767,Janella,O'Looney,Female,United States
774,Saundra,Strongitharm,Female,Canada
787,Joella,Dellow,Female,Ecuador
794,Fredi,Buckerfield,Female,Ecuador
800,Larisa,Alesbrook,Female,Mexico
815,Bernardo,Grimme,Male,Canada
829,Otis,Poizer,Male,Costa Rica
832,Rafa,Tilliard,Female,Mexico
848,Robina,Sterman,Female,United Kingdom
855,Jud,Kimmins,Male,Ecuador
863,Shurlocke,Kield,Male,Canada
876,Sascha,Mineghelli,Female,United States
885,Janifer,Bartolomeu,Female,United States
897,Dacie,Fewtrell,Female,Canada
906,Nathaniel,Jaffrey,Male,Canada
915,Davin,Schiementz,Male,United States
921,Euell,Bould,Male,United States
939,Barris,Scholling,Male,Mexico
947,Eldin,Skoggings,Male,Mexico
959,Delaney,Webben,Male,Ecuador
969,Berri,Timoney,Female,United States
973,Darn,Sarson,Male,Austria
984,Sascha,Cone,Female,United States
993,Murdoch,Couroy,Male,Pakistan
1008,Chic,Dowdle,Male,Mexico
